{
  "PERSON": {
    "precision": 1.0,
    "recall": 1.0,
    "f1-score": 1.0,
    "support": 7,
    "confused_with": {}
  },
  "NUMBER": {
    "precision": 0.0,
    "recall": 0.0,
    "f1-score": 0.0,
    "support": 8,
    "confused_with": {}
  },
  "micro avg": {
    "precision": 1.0,
    "recall": 0.4666666666666667,
    "f1-score": 0.6363636363636364,
    "support": 15
  },
  "macro avg": {
    "precision": 0.5,
    "recall": 0.5,
    "f1-score": 0.5,
    "support": 15
  },
  "weighted avg": {
    "precision": 0.4666666666666667,
    "recall": 0.4666666666666667,
    "f1-score": 0.4666666666666667,
    "support": 15
  },
  "accuracy": 0.980440097799511
}